[
  {
    "name": "J88",
    "link": "https://m.j828.xyz/Account/Register"
  },
  {
    "name": "U888",
    "link": "https://m.u888rx.link/Account/Register"
  },
  {
    "name": "Mb66",
    "link": "https://m.op789p12o32h654mjh.com/Account/Register"
  },
  {
    "name": "F8bet",
    "link": "https://m.djfiiowxjnfe2uqwf88234j.com/Account/Register"
  },
  {
    "name": "New88",
    "link": "https://m.djcvkifr9bmnirhieiyjnrjveg83f.com/Account/Register"
  },
  {
    "name": "789Bet",
    "link": "https://m.885753.com/?app=1"
  },
  {
    "name": "33WIN",
    "link": "https://m.336049.com/?app=1"
  },
  {
    "name": "88VV",
    "link": "https://m.885753.com/?app=1"
  }


]
